{
  "clustering_evaluation": {
    "kmeans": {
      "silhouette_score": 0.22244694453498803,
      "calinski_harabasz_score": 25.65324837091523,
      "n_clusters": 9,
      "labels": "[0 1 1 2 0 8 4 5 8 4 7 0 7 7 0 8 4 5 7 3 4 4 4 7 0 1 8 8 2 1 3 4 1 3 0 2 6\n 3 1 4 2 3 4 0 0 3 0 5 3 7 2 2 0 2 5 2 8 3 4 4 6 7 7 7 7 4 1 5 5 1 0 2 2 3\n 0 8 4 8 1 2 7 1 1 3 8 5 7 3 7 6 3 0 7 5 1 2 3 7 4 2 0 8 6 1 5 2 1 0 0 8 4\n 4 4 6 3 5]"
    },
    "gmm": {
      "silhouette_score": 0.2229419573496455,
      "calinski_harabasz_score": 24.925321038114422,
      "n_clusters": 9,
      "labels": "[0 1 1 2 0 8 4 5 8 4 4 0 4 7 0 8 4 5 4 3 4 4 4 4 0 1 8 8 2 1 3 4 1 3 0 2 6\n 3 1 1 3 3 4 0 0 3 0 5 3 4 2 2 0 2 5 2 8 3 4 4 6 4 7 7 4 1 1 5 5 1 0 2 2 3\n 0 8 4 8 1 2 7 1 4 3 8 5 7 3 4 6 3 0 7 5 1 2 3 4 1 2 0 8 6 1 5 2 1 0 0 8 4\n 1 1 6 3 5]"
    }
  },
  "segment_profiles": {