{
  "xgboost": 0.10998544579691845,
  "lightgbm": 0.11826535124609737,
  "catboost": 0.2890453335502158,
  "random_forest": 0.10182083106902899,
  "extra_trees": 0.11186052219692921,
  "neural_network": 0.10441445454550492,
  "logistic": 0.16460806159530533
}